Workbook

Sheet Hinweise
A1: ROI/TCO-Modell – Teilstudie B
A2: Alle Ergebnisse sind Modellergebnisse und keine empirischen Messwerte (DEMI 1.5).
A4: Blatt „Parameter“: Eingangsgrößen je Szenario mit Typ und Quelle. Blaue Zahlen sind Eingabewerte, schwarze Zahlen Formeln.
A5: Blatt „Szenarien“: monatlicher Nutzen, Kosten (TCO), Nettonutzen, ROI, Break-even, Amortisationssicht und Schwelle RAG gegenüber LLM-only.
A6: Blatt „Sensitivität“: One-at-a-time-Variation jedes Parameters um ±20 % (Zelle C3 änderbar).
A8: Break-even per Zielwertsuche nachprüfen: Daten > Was-wäre-wenn-Analyse > Zielwertsuche; Zielzelle Szenarien!D15 (Nettonutzen, mittel), Zielwert 0, veränderbare Zelle Parameter!F5 (Ticketvolumen). Das Ergebnis entspricht Szenarien!D19. Danach Parameter!F5 auf den Ausgangswert zurücksetzen.
A10: Erzeugt mit auswertung/teilstudie_b.py am 2026-10-21T06:51:17+00:00; Git-Stand 09d00f859c16 (nicht committete Änderungen).
A11: Messwerte aus auswertung/ergebnisse/strang1/kennzahlen.csv (SHA-256 1e4963bf931ba1dc).

Sheet Parameter
A1: Parameter des ROI/TCO-Modells (DEMI, Tabelle 14)
A2: Blau: Eingabewert. Schwarz: Formel (Wert gilt in allen Szenarien).
A4: Kürzel | B4: Parameter | C4: Einheit | D4: Typ | E4: konservativ | F4: mittel | G4: optimistisch | H4: Quelle bzw. Annahme
A5: V | B5: Ticketvolumen je Monat | C5: Tickets | D5: Annahme | E5: 2000 | F5: 10000 | G5: 30000 | H5: DEMI, Tabelle 14; für den Break-even variiert
A6: a | B6: Adoptionsrate | C6: Anteil der Tickets | D6: Annahme | E6: 0.4 | F6: 0.6 | G6: 0.8 | H6: DEMI, Tabelle 14; gestützt auf Adhärenzbefunde (Brynjolfsson et al., 2025)
A7: t | B7: Zeitersparnis je unterstütztem Ticket | C7: min | D7: Annahme | E7: 0.5 | F7: 1.5 | G7: 3 | H7: DEMI, Tabelle 14; abgeleitet aus Brynjolfsson et al. (2025) und Xu et al. (2024)
A8: p | B8: Personalkostensatz | C8: €/h | D8: Sekundärdaten | E8: 33.2 | F8: =$E$8 | G8: =$E$8 | H8: Destatis, Pressemitteilung Nr. 148 vom 29.04.2026: Arbeitskosten je geleistete Stunde 2025, Abschnitt N „Sonstige wirtschaftliche Dienstleistungen“ (B-03)
A9: r | B9: Reduktion der Eskalationsquote | C9: Prozentpunkte | D9: Annahme | E9: 0 | F9: 0.02 | G9: 0.05 | H9: DEMI, Tabelle 14; gestützt auf Mgbeahuruike et al. (2025)
A10: e | B10: Zusatzzeit je Eskalation | C10: min | D10: Annahme | E10: 10 | F10: 15 | G10: 20 | H10: DEMI, Tabelle 14; keine belastbare Referenz verfügbar
A11: c | B11: Variable Kosten je Ticket (RAG) | C11: € | D11: Messwert | E11: 0.00063485 | F11: =$E$11 | G11: =$E$11 | H11: Strang 1, Lauf haupt-01: Mittelwert RAG (B-05)
A12: s | B12: Serverpreis Hetzner CX33 (4 vCPU, 8 GB RAM, 80 GB) | C12: €/Monat | D12: Sekundärdaten | E12: 8.49 | F12: =$E$12 | G12: =$E$12 | H12: Hetzner Docs, „Hetzner Price Adjustment 15 June 2026“, Preis ab 15.06.2026, netto, abgerufen am 20.10.2026 (B-04)
A13: ip | B13: Primäre IPv4-Adresse | C13: €/Monat | D13: Sekundärdaten | E13: 0.5 | F13: =$E$13 | G13: =$E$13 | H13: Hetzner Docs, „IPv4 pricing“, netto, abgerufen am 20.10.2026 (B-04)
A14: bk | B14: Backup-Aufschlag | C14: Anteil am Serverpreis | D14: Sekundärdaten | E14: 0.2 | F14: =$E$14 | G14: =$E$14 | H14: Hetzner Docs, Cloud Billing FAQ, abgerufen am 20.10.2026 (B-04)
A15: hk | B15: Aufwand KB-Pflege | C15: h/Monat | D15: Annahme | E15: 10 | F15: 5 | G15: 2 | H15: DEMI, Tabelle 14; konservativ = höchster Aufwand (B-02)
A16: hm | B16: Aufwand Monitoring | C16: h/Monat | D16: Annahme | E16: 4 | F16: 2 | G16: 1 | H16: DEMI, Tabelle 14; konservativ = höchster Aufwand (B-02)
A17: cl | B17: Variable Kosten je Ticket (LLM-only) | C17: € | D17: Messwert | E17: 0.00032217 | F17: =$E$17 | G17: =$E$17 | H17: Strang 1, Lauf haupt-01: Mittelwert LLM-only; nur für die Schwelle RAG vs. LLM-only (B-09)
A18: dl | B18: Latenzdifferenz RAG minus LLM-only | C18: s | D18: Messwert | E18: 1.0207442 | F18: =$E$18 | G18: =$E$18 | H18: Strang 1, Lauf haupt-01: Mittelwert der Differenzen je Ticket; nur für die Schwelle (B-09)

Sheet Szenarien
A1: Monatliche Modellrechnung je Szenario (Modellergebnisse, keine Messwerte)
A2: Zeitangaben werden von Minuten in Stunden umgerechnet (/60).
A4: Größe | B4: Einheit | C4: konservativ | D4: mittel | E4: optimistisch
A5: Unterstützte Tickets | B5: Tickets/Monat | C5: =Parameter!$E$5*Parameter!$E$6 | D5: =Parameter!$F$5*Parameter!$F$6 | E5: =Parameter!$G$5*Parameter!$G$6
A6: Nutzen aus Zeitersparnis | B6: €/Monat | C6: =C5*Parameter!$E$7/60*Parameter!$E$8 | D6: =D5*Parameter!$F$7/60*Parameter!$F$8 | E6: =E5*Parameter!$G$7/60*Parameter!$G$8
A7: Nutzen aus vermiedenen Eskalationen | B7: €/Monat | C7: =C5*Parameter!$E$9*Parameter!$E$10/60*Parameter!$E$8 | D7: =D5*Parameter!$F$9*Parameter!$F$10/60*Parameter!$F$8 | E7: =E5*Parameter!$G$9*Parameter!$G$10/60*Parameter!$G$8
A8: Nutzen gesamt | B8: €/Monat | C8: =C6+C7 | D8: =D6+D7 | E8: =E6+E7
A9: Hostingkosten (Server, IPv4, Backup) | B9: €/Monat | C9: =Parameter!$E$12*(1+Parameter!$E$14)+Parameter!$E$13 | D9: =Parameter!$F$12*(1+Parameter!$F$14)+Parameter!$F$13 | E9: =Parameter!$G$12*(1+Parameter!$G$14)+Parameter!$G$13
A10: KB-Pflege | B10: €/Monat | C10: =Parameter!$E$15*Parameter!$E$8 | D10: =Parameter!$F$15*Parameter!$F$8 | E10: =Parameter!$G$15*Parameter!$G$8
A11: Monitoring | B11: €/Monat | C11: =Parameter!$E$16*Parameter!$E$8 | D11: =Parameter!$F$16*Parameter!$F$8 | E11: =Parameter!$G$16*Parameter!$G$8
A12: Fixkosten | B12: €/Monat | C12: =C9+C10+C11 | D12: =D9+D10+D11 | E12: =E9+E10+E11
A13: Variable Kosten | B13: €/Monat | C13: =C5*Parameter!$E$11 | D13: =D5*Parameter!$F$11 | E13: =E5*Parameter!$G$11
A14: Kosten gesamt (TCO je Monat) | B14: €/Monat | C14: =C12+C13 | D14: =D12+D13 | E14: =E12+E13
A15: Nettonutzen | B15: €/Monat | C15: =C8-C14 | D15: =D8-D14 | E15: =E8-E14
A16: Modellierter ROI | B16: Anteil | C16: =C15/C14 | D16: =D15/D14 | E16: =E15/E14
A17: Anteil der variablen Kosten an den Kosten | B17: Anteil | C17: =C13/C14 | D17: =D13/D14 | E17: =E13/E14
A18: Deckungsbeitrag je unterstütztem Ticket | B18: €/Ticket | C18: =(Parameter!$E$7+Parameter!$E$9*Parameter!$E$10)/60*Parameter!$E$8-Parameter!$E$11 | D18: =(Parameter!$F$7+Parameter!$F$9*Parameter!$F$10)/60*Parameter!$F$8-Parameter!$F$11 | E18: =(Parameter!$G$7+Parameter!$G$9*Parameter!$G$10)/60*Parameter!$G$8-Parameter!$G$11
A19: Break-even-Ticketvolumen | B19: Tickets/Monat | C19: =IF(C18>0,C12/(Parameter!$E$6*C18),"nicht erreichbar") | D19: =IF(D18>0,D12/(Parameter!$F$6*D18),"nicht erreichbar") | E19: =IF(E18>0,E12/(Parameter!$G$6*E18),"nicht erreichbar")
A20: Break-even beim angenommenen Volumen erreicht | C20: =IF(Parameter!$E$5>=C19,"ja","nein") | D20: =IF(Parameter!$F$5>=D19,"ja","nein") | E20: =IF(Parameter!$G$5>=E19,"ja","nein")
A21: Kontrolle: Nettonutzen beim Break-even-Volumen (soll 0) | B21: €/Monat | C21: =IFERROR(C19*Parameter!$E$6*C18-C12,"–") | D21: =IFERROR(D19*Parameter!$F$6*D18-D12,"–") | E21: =IFERROR(E19*Parameter!$G$6*E18-E12,"–")
A23: Amortisationssicht (Ergänzung, B-08)
A24: Max. Einmalinvestition, amortisiert in 12 Monaten | B24: € | C24: =IF(C15>0,C15*12,"keine Amortisation") | D24: =IF(D15>0,D15*12,"keine Amortisation") | E24: =IF(E15>0,E15*12,"keine Amortisation")
A25: Max. Einmalinvestition, amortisiert in 24 Monaten | B25: € | C25: =IF(C15>0,C15*24,"keine Amortisation") | D25: =IF(D15>0,D15*24,"keine Amortisation") | E25: =IF(E15>0,E15*24,"keine Amortisation")
A26: Max. Einmalinvestition, amortisiert in 36 Monaten | B26: € | C26: =IF(C15>0,C15*36,"keine Amortisation") | D26: =IF(D15>0,D15*36,"keine Amortisation") | E26: =IF(E15>0,E15*36,"keine Amortisation")
A28: Schwelle RAG gegenüber LLM-only (Ergänzung, B-09)
A29: Mehrkosten RAG gegenüber LLM-only | B29: €/Monat | C29: =C9+C10+C5*(Parameter!$E$11-Parameter!$E$17) | D29: =D9+D10+D5*(Parameter!$F$11-Parameter!$F$17) | E29: =E9+E10+E5*(Parameter!$G$11-Parameter!$G$17)
A30: Erforderliche Zeitersparnis zur Deckung der Mehrkosten | B30: s je unterstütztem Ticket | C30: =C29/(C5*Parameter!$E$8)*3600 | D30: =D29/(D5*Parameter!$F$8)*3600 | E30: =E29/(E5*Parameter!$G$8)*3600
A31: zuzüglich Latenzdifferenz (Wartezeit) | B31: s je unterstütztem Ticket | C31: =Parameter!$E$18 | D31: =Parameter!$F$18 | E31: =Parameter!$G$18
A32: Erforderliche zusätzliche Zeitersparnis gegenüber LLM-only | B32: s je unterstütztem Ticket | C32: =C30+C31 | D32: =D30+D31 | E32: =E30+E31

Sheet Sensitivität
A1: Sensitivitätsanalyse des modellierten ROI (One-at-a-time, DEMI 1.5)
A3: Variationsbreite | C3: 0.2 | D3: jeder Parameter einzeln, alle übrigen auf dem Szenariowert
A5: Szenario konservativ
A6: Parameter | B6: ROI bei −Variation | C6: ROI Basis | D6: ROI bei +Variation | E6: Spannweite | F6: Rang
A7: Ticketvolumen | B7: =((Parameter!$E$5*(1-$C$3))*Parameter!$E$6*(Parameter!$E$7+Parameter!$E$9*Parameter!$E$10)/60*Parameter!$E$8-((Parameter!$E$12*(1+Parameter!$E$14)+Parameter!$E$13)+(Parameter!$E$15+Parameter!$E$16)*Parameter!$E$8+(Parameter!$E$5*(1-$C$3))*Parameter!$E$6*Parameter!$E$11))/((Parameter!$E$12*(1+Parameter!$E$14)+Parameter!$E$13)+(Parameter!$E$15+Parameter!$E$16)*Parameter!$E$8+(Parameter!$E$5*(1-$C$3))*Parameter!$E$6*Parameter!$E$11) | C7: =Szenarien!C16 | D7: =((Parameter!$E$5*(1+$C$3))*Parameter!$E$6*(Parameter!$E$7+Parameter!$E$9*Parameter!$E$10)/60*Parameter!$E$8-((Parameter!$E$12*(1+Parameter!$E$14)+Parameter!$E$13)+(Parameter!$E$15+Parameter!$E$16)*Parameter!$E$8+(Parameter!$E$5*(1+$C$3))*Parameter!$E$6*Parameter!$E$11))/((Parameter!$E$12*(1+Parameter!$E$14)+Parameter!$E$13)+(Parameter!$E$15+Parameter!$E$16)*Parameter!$E$8+(Parameter!$E$5*(1+$C$3))*Parameter!$E$6*Parameter!$E$11) | E7: =ROUND(ABS(D7-B7),9) | F7: =RANK(E7,$E$7:$E$16)
A8: Adoptionsrate | B8: =(Parameter!$E$5*(Parameter!$E$6*(1-$C$3))*(Parameter!$E$7+Parameter!$E$9*Parameter!$E$10)/60*Parameter!$E$8-((Parameter!$E$12*(1+Parameter!$E$14)+Parameter!$E$13)+(Parameter!$E$15+Parameter!$E$16)*Parameter!$E$8+Parameter!$E$5*(Parameter!$E$6*(1-$C$3))*Parameter!$E$11))/((Parameter!$E$12*(1+Parameter!$E$14)+Parameter!$E$13)+(Parameter!$E$15+Parameter!$E$16)*Parameter!$E$8+Parameter!$E$5*(Parameter!$E$6*(1-$C$3))*Parameter!$E$11) | C8: =Szenarien!C16 | D8: =(Parameter!$E$5*(Parameter!$E$6*(1+$C$3))*(Parameter!$E$7+Parameter!$E$9*Parameter!$E$10)/60*Parameter!$E$8-((Parameter!$E$12*(1+Parameter!$E$14)+Parameter!$E$13)+(Parameter!$E$15+Parameter!$E$16)*Parameter!$E$8+Parameter!$E$5*(Parameter!$E$6*(1+$C$3))*Parameter!$E$11))/((Parameter!$E$12*(1+Parameter!$E$14)+Parameter!$E$13)+(Parameter!$E$15+Parameter!$E$16)*Parameter!$E$8+Parameter!$E$5*(Parameter!$E$6*(1+$C$3))*Parameter!$E$11) | E8: =ROUND(ABS(D8-B8),9) | F8: =RANK(E8,$E$7:$E$16)
A9: Zeitersparnis je Ticket | B9: =(Parameter!$E$5*Parameter!$E$6*((Parameter!$E$7*(1-$C$3))+Parameter!$E$9*Parameter!$E$10)/60*Parameter!$E$8-((Parameter!$E$12*(1+Parameter!$E$14)+Parameter!$E$13)+(Parameter!$E$15+Parameter!$E$16)*Parameter!$E$8+Parameter!$E$5*Parameter!$E$6*Parameter!$E$11))/((Parameter!$E$12*(1+Parameter!$E$14)+Parameter!$E$13)+(Parameter!$E$15+Parameter!$E$16)*Parameter!$E$8+Parameter!$E$5*Parameter!$E$6*Parameter!$E$11) | C9: =Szenarien!C16 | D9: =(Parameter!$E$5*Parameter!$E$6*((Parameter!$E$7*(1+$C$3))+Parameter!$E$9*Parameter!$E$10)/60*Parameter!$E$8-((Parameter!$E$12*(1+Parameter!$E$14)+Parameter!$E$13)+(Parameter!$E$15+Parameter!$E$16)*Parameter!$E$8+Parameter!$E$5*Parameter!$E$6*Parameter!$E$11))/((Parameter!$E$12*(1+Parameter!$E$14)+Parameter!$E$13)+(Parameter!$E$15+Parameter!$E$16)*Parameter!$E$8+Parameter!$E$5*Parameter!$E$6*Parameter!$E$11) | E9: =ROUND(ABS(D9-B9),9) | F9: =RANK(E9,$E$7:$E$16)
A10: Personalkostensatz | B10: =(Parameter!$E$5*Parameter!$E$6*(Parameter!$E$7+Parameter!$E$9*Parameter!$E$10)/60*(Parameter!$E$8*(1-$C$3))-((Parameter!$E$12*(1+Parameter!$E$14)+Parameter!$E$13)+(Parameter!$E$15+Parameter!$E$16)*(Parameter!$E$8*(1-$C$3))+Parameter!$E$5*Parameter!$E$6*Parameter!$E$11))/((Parameter!$E$12*(1+Parameter!$E$14)+Parameter!$E$13)+(Parameter!$E$15+Parameter!$E$16)*(Parameter!$E$8*(1-$C$3))+Parameter!$E$5*Parameter!$E$6*Parameter!$E$11) | C10: =Szenarien!C16 | D10: =(Parameter!$E$5*Parameter!$E$6*(Parameter!$E$7+Parameter!$E$9*Parameter!$E$10)/60*(Parameter!$E$8*(1+$C$3))-((Parameter!$E$12*(1+Parameter!$E$14)+Parameter!$E$13)+(Parameter!$E$15+Parameter!$E$16)*(Parameter!$E$8*(1+$C$3))+Parameter!$E$5*Parameter!$E$6*Parameter!$E$11))/((Parameter!$E$12*(1+Parameter!$E$14)+Parameter!$E$13)+(Parameter!$E$15+Parameter!$E$16)*(Parameter!$E$8*(1+$C$3))+Parameter!$E$5*Parameter!$E$6*Parameter!$E$11) | E10: =ROUND(ABS(D10-B10),9) | F10: =RANK(E10,$E$7:$E$16)
A11: Reduktion der Eskalationsquote | B11: =(Parameter!$E$5*Parameter!$E$6*(Parameter!$E$7+(Parameter!$E$9*(1-$C$3))*Parameter!$E$10)/60*Parameter!$E$8-((Parameter!$E$12*(1+Parameter!$E$14)+Parameter!$E$13)+(Parameter!$E$15+Parameter!$E$16)*Parameter!$E$8+Parameter!$E$5*Parameter!$E$6*Parameter!$E$11))/((Parameter!$E$12*(1+Parameter!$E$14)+Parameter!$E$13)+(Parameter!$E$15+Parameter!$E$16)*Parameter!$E$8+Parameter!$E$5*Parameter!$E$6*Parameter!$E$11) | C11: =Szenarien!C16 | D11: =(Parameter!$E$5*Parameter!$E$6*(Parameter!$E$7+(Parameter!$E$9*(1+$C$3))*Parameter!$E$10)/60*Parameter!$E$8-((Parameter!$E$12*(1+Parameter!$E$14)+Parameter!$E$13)+(Parameter!$E$15+Parameter!$E$16)*Parameter!$E$8+Parameter!$E$5*Parameter!$E$6*Parameter!$E$11))/((Parameter!$E$12*(1+Parameter!$E$14)+Parameter!$E$13)+(Parameter!$E$15+Parameter!$E$16)*Parameter!$E$8+Parameter!$E$5*Parameter!$E$6*Parameter!$E$11) | E11: =ROUND(ABS(D11-B11),9) | F11: =RANK(E11,$E$7:$E$16)
A12: Zusatzzeit je Eskalation | B12: =(Parameter!$E$5*Parameter!$E$6*(Parameter!$E$7+Parameter!$E$9*(Parameter!$E$10*(1-$C$3)))/60*Parameter!$E$8-((Parameter!$E$12*(1+Parameter!$E$14)+Parameter!$E$13)+(Parameter!$E$15+Parameter!$E$16)*Parameter!$E$8+Parameter!$E$5*Parameter!$E$6*Parameter!$E$11))/((Parameter!$E$12*(1+Parameter!$E$14)+Parameter!$E$13)+(Parameter!$E$15+Parameter!$E$16)*Parameter!$E$8+Parameter!$E$5*Parameter!$E$6*Parameter!$E$11) | C12: =Szenarien!C16 | D12: =(Parameter!$E$5*Parameter!$E$6*(Parameter!$E$7+Parameter!$E$9*(Parameter!$E$10*(1+$C$3)))/60*Parameter!$E$8-((Parameter!$E$12*(1+Parameter!$E$14)+Parameter!$E$13)+(Parameter!$E$15+Parameter!$E$16)*Parameter!$E$8+Parameter!$E$5*Parameter!$E$6*Parameter!$E$11))/((Parameter!$E$12*(1+Parameter!$E$14)+Parameter!$E$13)+(Parameter!$E$15+Parameter!$E$16)*Parameter!$E$8+Parameter!$E$5*Parameter!$E$6*Parameter!$E$11) | E12: =ROUND(ABS(D12-B12),9) | F12: =RANK(E12,$E$7:$E$16)
A13: Variable Kosten je Ticket | B13: =(Parameter!$E$5*Parameter!$E$6*(Parameter!$E$7+Parameter!$E$9*Parameter!$E$10)/60*Parameter!$E$8-((Parameter!$E$12*(1+Parameter!$E$14)+Parameter!$E$13)+(Parameter!$E$15+Parameter!$E$16)*Parameter!$E$8+Parameter!$E$5*Parameter!$E$6*(Parameter!$E$11*(1-$C$3))))/((Parameter!$E$12*(1+Parameter!$E$14)+Parameter!$E$13)+(Parameter!$E$15+Parameter!$E$16)*Parameter!$E$8+Parameter!$E$5*Parameter!$E$6*(Parameter!$E$11*(1-$C$3))) | C13: =Szenarien!C16 | D13: =(Parameter!$E$5*Parameter!$E$6*(Parameter!$E$7+Parameter!$E$9*Parameter!$E$10)/60*Parameter!$E$8-((Parameter!$E$12*(1+Parameter!$E$14)+Parameter!$E$13)+(Parameter!$E$15+Parameter!$E$16)*Parameter!$E$8+Parameter!$E$5*Parameter!$E$6*(Parameter!$E$11*(1+$C$3))))/((Parameter!$E$12*(1+Parameter!$E$14)+Parameter!$E$13)+(Parameter!$E$15+Parameter!$E$16)*Parameter!$E$8+Parameter!$E$5*Parameter!$E$6*(Parameter!$E$11*(1+$C$3))) | E13: =ROUND(ABS(D13-B13),9) | F13: =RANK(E13,$E$7:$E$16)
A14: Hostingkosten | B14: =(Parameter!$E$5*Parameter!$E$6*(Parameter!$E$7+Parameter!$E$9*Parameter!$E$10)/60*Parameter!$E$8-(((Parameter!$E$12*(1+Parameter!$E$14)+Parameter!$E$13)*(1-$C$3))+(Parameter!$E$15+Parameter!$E$16)*Parameter!$E$8+Parameter!$E$5*Parameter!$E$6*Parameter!$E$11))/(((Parameter!$E$12*(1+Parameter!$E$14)+Parameter!$E$13)*(1-$C$3))+(Parameter!$E$15+Parameter!$E$16)*Parameter!$E$8+Parameter!$E$5*Parameter!$E$6*Parameter!$E$11) | C14: =Szenarien!C16 | D14: =(Parameter!$E$5*Parameter!$E$6*(Parameter!$E$7+Parameter!$E$9*Parameter!$E$10)/60*Parameter!$E$8-(((Parameter!$E$12*(1+Parameter!$E$14)+Parameter!$E$13)*(1+$C$3))+(Parameter!$E$15+Parameter!$E$16)*Parameter!$E$8+Parameter!$E$5*Parameter!$E$6*Parameter!$E$11))/(((Parameter!$E$12*(1+Parameter!$E$14)+Parameter!$E$13)*(1+$C$3))+(Parameter!$E$15+Parameter!$E$16)*Parameter!$E$8+Parameter!$E$5*Parameter!$E$6*Parameter!$E$11) | E14: =ROUND(ABS(D14-B14),9) | F14: =RANK(E14,$E$7:$E$16)
A15: Aufwand KB-Pflege | B15: =(Parameter!$E$5*Parameter!$E$6*(Parameter!$E$7+Parameter!$E$9*Parameter!$E$10)/60*Parameter!$E$8-((Parameter!$E$12*(1+Parameter!$E$14)+Parameter!$E$13)+((Parameter!$E$15*(1-$C$3))+Parameter!$E$16)*Parameter!$E$8+Parameter!$E$5*Parameter!$E$6*Parameter!$E$11))/((Parameter!$E$12*(1+Parameter!$E$14)+Parameter!$E$13)+((Parameter!$E$15*(1-$C$3))+Parameter!$E$16)*Parameter!$E$8+Parameter!$E$5*Parameter!$E$6*Parameter!$E$11) | C15: =Szenarien!C16 | D15: =(Parameter!$E$5*Parameter!$E$6*(Parameter!$E$7+Parameter!$E$9*Parameter!$E$10)/60*Parameter!$E$8-((Parameter!$E$12*(1+Parameter!$E$14)+Parameter!$E$13)+((Parameter!$E$15*(1+$C$3))+Parameter!$E$16)*Parameter!$E$8+Parameter!$E$5*Parameter!$E$6*Parameter!$E$11))/((Parameter!$E$12*(1+Parameter!$E$14)+Parameter!$E$13)+((Parameter!$E$15*(1+$C$3))+Parameter!$E$16)*Parameter!$E$8+Parameter!$E$5*Parameter!$E$6*Parameter!$E$11) | E15: =ROUND(ABS(D15-B15),9) | F15: =RANK(E15,$E$7:$E$16)
A16: Aufwand Monitoring | B16: =(Parameter!$E$5*Parameter!$E$6*(Parameter!$E$7+Parameter!$E$9*Parameter!$E$10)/60*Parameter!$E$8-((Parameter!$E$12*(1+Parameter!$E$14)+Parameter!$E$13)+(Parameter!$E$15+(Parameter!$E$16*(1-$C$3)))*Parameter!$E$8+Parameter!$E$5*Parameter!$E$6*Parameter!$E$11))/((Parameter!$E$12*(1+Parameter!$E$14)+Parameter!$E$13)+(Parameter!$E$15+(Parameter!$E$16*(1-$C$3)))*Parameter!$E$8+Parameter!$E$5*Parameter!$E$6*Parameter!$E$11) | C16: =Szenarien!C16 | D16: =(Parameter!$E$5*Parameter!$E$6*(Parameter!$E$7+Parameter!$E$9*Parameter!$E$10)/60*Parameter!$E$8-((Parameter!$E$12*(1+Parameter!$E$14)+Parameter!$E$13)+(Parameter!$E$15+(Parameter!$E$16*(1+$C$3)))*Parameter!$E$8+Parameter!$E$5*Parameter!$E$6*Parameter!$E$11))/((Parameter!$E$12*(1+Parameter!$E$14)+Parameter!$E$13)+(Parameter!$E$15+(Parameter!$E$16*(1+$C$3)))*Parameter!$E$8+Parameter!$E$5*Parameter!$E$6*Parameter!$E$11) | E16: =ROUND(ABS(D16-B16),9) | F16: =RANK(E16,$E$7:$E$16)
A18: Szenario mittel
A19: Parameter | B19: ROI bei −Variation | C19: ROI Basis | D19: ROI bei +Variation | E19: Spannweite | F19: Rang
A20: Ticketvolumen | B20: =((Parameter!$F$5*(1-$C$3))*Parameter!$F$6*(Parameter!$F$7+Parameter!$F$9*Parameter!$F$10)/60*Parameter!$F$8-((Parameter!$F$12*(1+Parameter!$F$14)+Parameter!$F$13)+(Parameter!$F$15+Parameter!$F$16)*Parameter!$F$8+(Parameter!$F$5*(1-$C$3))*Parameter!$F$6*Parameter!$F$11))/((Parameter!$F$12*(1+Parameter!$F$14)+Parameter!$F$13)+(Parameter!$F$15+Parameter!$F$16)*Parameter!$F$8+(Parameter!$F$5*(1-$C$3))*Parameter!$F$6*Parameter!$F$11) | C20: =Szenarien!D16 | D20: =((Parameter!$F$5*(1+$C$3))*Parameter!$F$6*(Parameter!$F$7+Parameter!$F$9*Parameter!$F$10)/60*Parameter!$F$8-((Parameter!$F$12*(1+Parameter!$F$14)+Parameter!$F$13)+(Parameter!$F$15+Parameter!$F$16)*Parameter!$F$8+(Parameter!$F$5*(1+$C$3))*Parameter!$F$6*Parameter!$F$11))/((Parameter!$F$12*(1+Parameter!$F$14)+Parameter!$F$13)+(Parameter!$F$15+Parameter!$F$16)*Parameter!$F$8+(Parameter!$F$5*(1+$C$3))*Parameter!$F$6*Parameter!$F$11) | E20: =ROUND(ABS(D20-B20),9) | F20: =RANK(E20,$E$20:$E$29)
A21: Adoptionsrate | B21: =(Parameter!$F$5*(Parameter!$F$6*(1-$C$3))*(Parameter!$F$7+Parameter!$F$9*Parameter!$F$10)/60*Parameter!$F$8-((Parameter!$F$12*(1+Parameter!$F$14)+Parameter!$F$13)+(Parameter!$F$15+Parameter!$F$16)*Parameter!$F$8+Parameter!$F$5*(Parameter!$F$6*(1-$C$3))*Parameter!$F$11))/((Parameter!$F$12*(1+Parameter!$F$14)+Parameter!$F$13)+(Parameter!$F$15+Parameter!$F$16)*Parameter!$F$8+Parameter!$F$5*(Parameter!$F$6*(1-$C$3))*Parameter!$F$11) | C21: =Szenarien!D16 | D21: =(Parameter!$F$5*(Parameter!$F$6*(1+$C$3))*(Parameter!$F$7+Parameter!$F$9*Parameter!$F$10)/60*Parameter!$F$8-((Parameter!$F$12*(1+Parameter!$F$14)+Parameter!$F$13)+(Parameter!$F$15+Parameter!$F$16)*Parameter!$F$8+Parameter!$F$5*(Parameter!$F$6*(1+$C$3))*Parameter!$F$11))/((Parameter!$F$12*(1+Parameter!$F$14)+Parameter!$F$13)+(Parameter!$F$15+Parameter!$F$16)*Parameter!$F$8+Parameter!$F$5*(Parameter!$F$6*(1+$C$3))*Parameter!$F$11) | E21: =ROUND(ABS(D21-B21),9) | F21: =RANK(E21,$E$20:$E$29)
A22: Zeitersparnis je Ticket | B22: =(Parameter!$F$5*Parameter!$F$6*((Parameter!$F$7*(1-$C$3))+Parameter!$F$9*Parameter!$F$10)/60*Parameter!$F$8-((Parameter!$F$12*(1+Parameter!$F$14)+Parameter!$F$13)+(Parameter!$F$15+Parameter!$F$16)*Parameter!$F$8+Parameter!$F$5*Parameter!$F$6*Parameter!$F$11))/((Parameter!$F$12*(1+Parameter!$F$14)+Parameter!$F$13)+(Parameter!$F$15+Parameter!$F$16)*Parameter!$F$8+Parameter!$F$5*Parameter!$F$6*Parameter!$F$11) | C22: =Szenarien!D16 | D22: =(Parameter!$F$5*Parameter!$F$6*((Parameter!$F$7*(1+$C$3))+Parameter!$F$9*Parameter!$F$10)/60*Parameter!$F$8-((Parameter!$F$12*(1+Parameter!$F$14)+Parameter!$F$13)+(Parameter!$F$15+Parameter!$F$16)*Parameter!$F$8+Parameter!$F$5*Parameter!$F$6*Parameter!$F$11))/((Parameter!$F$12*(1+Parameter!$F$14)+Parameter!$F$13)+(Parameter!$F$15+Parameter!$F$16)*Parameter!$F$8+Parameter!$F$5*Parameter!$F$6*Parameter!$F$11) | E22: =ROUND(ABS(D22-B22),9) | F22: =RANK(E22,$E$20:$E$29)
A23: Personalkostensatz | B23: =(Parameter!$F$5*Parameter!$F$6*(Parameter!$F$7+Parameter!$F$9*Parameter!$F$10)/60*(Parameter!$F$8*(1-$C$3))-((Parameter!$F$12*(1+Parameter!$F$14)+Parameter!$F$13)+(Parameter!$F$15+Parameter!$F$16)*(Parameter!$F$8*(1-$C$3))+Parameter!$F$5*Parameter!$F$6*Parameter!$F$11))/((Parameter!$F$12*(1+Parameter!$F$14)+Parameter!$F$13)+(Parameter!$F$15+Parameter!$F$16)*(Parameter!$F$8*(1-$C$3))+Parameter!$F$5*Parameter!$F$6*Parameter!$F$11) | C23: =Szenarien!D16 | D23: =(Parameter!$F$5*Parameter!$F$6*(Parameter!$F$7+Parameter!$F$9*Parameter!$F$10)/60*(Parameter!$F$8*(1+$C$3))-((Parameter!$F$12*(1+Parameter!$F$14)+Parameter!$F$13)+(Parameter!$F$15+Parameter!$F$16)*(Parameter!$F$8*(1+$C$3))+Parameter!$F$5*Parameter!$F$6*Parameter!$F$11))/((Parameter!$F$12*(1+Parameter!$F$14)+Parameter!$F$13)+(Parameter!$F$15+Parameter!$F$16)*(Parameter!$F$8*(1+$C$3))+Parameter!$F$5*Parameter!$F$6*Parameter!$F$11) | E23: =ROUND(ABS(D23-B23),9) | F23: =RANK(E23,$E$20:$E$29)
A24: Reduktion der Eskalationsquote | B24: =(Parameter!$F$5*Parameter!$F$6*(Parameter!$F$7+(Parameter!$F$9*(1-$C$3))*Parameter!$F$10)/60*Parameter!$F$8-((Parameter!$F$12*(1+Parameter!$F$14)+Parameter!$F$13)+(Parameter!$F$15+Parameter!$F$16)*Parameter!$F$8+Parameter!$F$5*Parameter!$F$6*Parameter!$F$11))/((Parameter!$F$12*(1+Parameter!$F$14)+Parameter!$F$13)+(Parameter!$F$15+Parameter!$F$16)*Parameter!$F$8+Parameter!$F$5*Parameter!$F$6*Parameter!$F$11) | C24: =Szenarien!D16 | D24: =(Parameter!$F$5*Parameter!$F$6*(Parameter!$F$7+(Parameter!$F$9*(1+$C$3))*Parameter!$F$10)/60*Parameter!$F$8-((Parameter!$F$12*(1+Parameter!$F$14)+Parameter!$F$13)+(Parameter!$F$15+Parameter!$F$16)*Parameter!$F$8+Parameter!$F$5*Parameter!$F$6*Parameter!$F$11))/((Parameter!$F$12*(1+Parameter!$F$14)+Parameter!$F$13)+(Parameter!$F$15+Parameter!$F$16)*Parameter!$F$8+Parameter!$F$5*Parameter!$F$6*Parameter!$F$11) | E24: =ROUND(ABS(D24-B24),9) | F24: =RANK(E24,$E$20:$E$29)
A25: Zusatzzeit je Eskalation | B25: =(Parameter!$F$5*Parameter!$F$6*(Parameter!$F$7+Parameter!$F$9*(Parameter!$F$10*(1-$C$3)))/60*Parameter!$F$8-((Parameter!$F$12*(1+Parameter!$F$14)+Parameter!$F$13)+(Parameter!$F$15+Parameter!$F$16)*Parameter!$F$8+Parameter!$F$5*Parameter!$F$6*Parameter!$F$11))/((Parameter!$F$12*(1+Parameter!$F$14)+Parameter!$F$13)+(Parameter!$F$15+Parameter!$F$16)*Parameter!$F$8+Parameter!$F$5*Parameter!$F$6*Parameter!$F$11) | C25: =Szenarien!D16 | D25: =(Parameter!$F$5*Parameter!$F$6*(Parameter!$F$7+Parameter!$F$9*(Parameter!$F$10*(1+$C$3)))/60*Parameter!$F$8-((Parameter!$F$12*(1+Parameter!$F$14)+Parameter!$F$13)+(Parameter!$F$15+Parameter!$F$16)*Parameter!$F$8+Parameter!$F$5*Parameter!$F$6*Parameter!$F$11))/((Parameter!$F$12*(1+Parameter!$F$14)+Parameter!$F$13)+(Parameter!$F$15+Parameter!$F$16)*Parameter!$F$8+Parameter!$F$5*Parameter!$F$6*Parameter!$F$11) | E25: =ROUND(ABS(D25-B25),9) | F25: =RANK(E25,$E$20:$E$29)
A26: Variable Kosten je Ticket | B26: =(Parameter!$F$5*Parameter!$F$6*(Parameter!$F$7+Parameter!$F$9*Parameter!$F$10)/60*Parameter!$F$8-((Parameter!$F$12*(1+Parameter!$F$14)+Parameter!$F$13)+(Parameter!$F$15+Parameter!$F$16)*Parameter!$F$8+Parameter!$F$5*Parameter!$F$6*(Parameter!$F$11*(1-$C$3))))/((Parameter!$F$12*(1+Parameter!$F$14)+Parameter!$F$13)+(Parameter!$F$15+Parameter!$F$16)*Parameter!$F$8+Parameter!$F$5*Parameter!$F$6*(Parameter!$F$11*(1-$C$3))) | C26: =Szenarien!D16 | D26: =(Parameter!$F$5*Parameter!$F$6*(Parameter!$F$7+Parameter!$F$9*Parameter!$F$10)/60*Parameter!$F$8-((Parameter!$F$12*(1+Parameter!$F$14)+Parameter!$F$13)+(Parameter!$F$15+Parameter!$F$16)*Parameter!$F$8+Parameter!$F$5*Parameter!$F$6*(Parameter!$F$11*(1+$C$3))))/((Parameter!$F$12*(1+Parameter!$F$14)+Parameter!$F$13)+(Parameter!$F$15+Parameter!$F$16)*Parameter!$F$8+Parameter!$F$5*Parameter!$F$6*(Parameter!$F$11*(1+$C$3))) | E26: =ROUND(ABS(D26-B26),9) | F26: =RANK(E26,$E$20:$E$29)
A27: Hostingkosten | B27: =(Parameter!$F$5*Parameter!$F$6*(Parameter!$F$7+Parameter!$F$9*Parameter!$F$10)/60*Parameter!$F$8-(((Parameter!$F$12*(1+Parameter!$F$14)+Parameter!$F$13)*(1-$C$3))+(Parameter!$F$15+Parameter!$F$16)*Parameter!$F$8+Parameter!$F$5*Parameter!$F$6*Parameter!$F$11))/(((Parameter!$F$12*(1+Parameter!$F$14)+Parameter!$F$13)*(1-$C$3))+(Parameter!$F$15+Parameter!$F$16)*Parameter!$F$8+Parameter!$F$5*Parameter!$F$6*Parameter!$F$11) | C27: =Szenarien!D16 | D27: =(Parameter!$F$5*Parameter!$F$6*(Parameter!$F$7+Parameter!$F$9*Parameter!$F$10)/60*Parameter!$F$8-(((Parameter!$F$12*(1+Parameter!$F$14)+Parameter!$F$13)*(1+$C$3))+(Parameter!$F$15+Parameter!$F$16)*Parameter!$F$8+Parameter!$F$5*Parameter!$F$6*Parameter!$F$11))/(((Parameter!$F$12*(1+Parameter!$F$14)+Parameter!$F$13)*(1+$C$3))+(Parameter!$F$15+Parameter!$F$16)*Parameter!$F$8+Parameter!$F$5*Parameter!$F$6*Parameter!$F$11) | E27: =ROUND(ABS(D27-B27),9) | F27: =RANK(E27,$E$20:$E$29)
A28: Aufwand KB-Pflege | B28: =(Parameter!$F$5*Parameter!$F$6*(Parameter!$F$7+Parameter!$F$9*Parameter!$F$10)/60*Parameter!$F$8-((Parameter!$F$12*(1+Parameter!$F$14)+Parameter!$F$13)+((Parameter!$F$15*(1-$C$3))+Parameter!$F$16)*Parameter!$F$8+Parameter!$F$5*Parameter!$F$6*Parameter!$F$11))/((Parameter!$F$12*(1+Parameter!$F$14)+Parameter!$F$13)+((Parameter!$F$15*(1-$C$3))+Parameter!$F$16)*Parameter!$F$8+Parameter!$F$5*Parameter!$F$6*Parameter!$F$11) | C28: =Szenarien!D16 | D28: =(Parameter!$F$5*Parameter!$F$6*(Parameter!$F$7+Parameter!$F$9*Parameter!$F$10)/60*Parameter!$F$8-((Parameter!$F$12*(1+Parameter!$F$14)+Parameter!$F$13)+((Parameter!$F$15*(1+$C$3))+Parameter!$F$16)*Parameter!$F$8+Parameter!$F$5*Parameter!$F$6*Parameter!$F$11))/((Parameter!$F$12*(1+Parameter!$F$14)+Parameter!$F$13)+((Parameter!$F$15*(1+$C$3))+Parameter!$F$16)*Parameter!$F$8+Parameter!$F$5*Parameter!$F$6*Parameter!$F$11) | E28: =ROUND(ABS(D28-B28),9) | F28: =RANK(E28,$E$20:$E$29)
A29: Aufwand Monitoring | B29: =(Parameter!$F$5*Parameter!$F$6*(Parameter!$F$7+Parameter!$F$9*Parameter!$F$10)/60*Parameter!$F$8-((Parameter!$F$12*(1+Parameter!$F$14)+Parameter!$F$13)+(Parameter!$F$15+(Parameter!$F$16*(1-$C$3)))*Parameter!$F$8+Parameter!$F$5*Parameter!$F$6*Parameter!$F$11))/((Parameter!$F$12*(1+Parameter!$F$14)+Parameter!$F$13)+(Parameter!$F$15+(Parameter!$F$16*(1-$C$3)))*Parameter!$F$8+Parameter!$F$5*Parameter!$F$6*Parameter!$F$11) | C29: =Szenarien!D16 | D29: =(Parameter!$F$5*Parameter!$F$6*(Parameter!$F$7+Parameter!$F$9*Parameter!$F$10)/60*Parameter!$F$8-((Parameter!$F$12*(1+Parameter!$F$14)+Parameter!$F$13)+(Parameter!$F$15+(Parameter!$F$16*(1+$C$3)))*Parameter!$F$8+Parameter!$F$5*Parameter!$F$6*Parameter!$F$11))/((Parameter!$F$12*(1+Parameter!$F$14)+Parameter!$F$13)+(Parameter!$F$15+(Parameter!$F$16*(1+$C$3)))*Parameter!$F$8+Parameter!$F$5*Parameter!$F$6*Parameter!$F$11) | E29: =ROUND(ABS(D29-B29),9) | F29: =RANK(E29,$E$20:$E$29)
A31: Szenario optimistisch
A32: Parameter | B32: ROI bei −Variation | C32: ROI Basis | D32: ROI bei +Variation | E32: Spannweite | F32: Rang
A33: Ticketvolumen | B33: =((Parameter!$G$5*(1-$C$3))*Parameter!$G$6*(Parameter!$G$7+Parameter!$G$9*Parameter!$G$10)/60*Parameter!$G$8-((Parameter!$G$12*(1+Parameter!$G$14)+Parameter!$G$13)+(Parameter!$G$15+Parameter!$G$16)*Parameter!$G$8+(Parameter!$G$5*(1-$C$3))*Parameter!$G$6*Parameter!$G$11))/((Parameter!$G$12*(1+Parameter!$G$14)+Parameter!$G$13)+(Parameter!$G$15+Parameter!$G$16)*Parameter!$G$8+(Parameter!$G$5*(1-$C$3))*Parameter!$G$6*Parameter!$G$11) | C33: =Szenarien!E16 | D33: =((Parameter!$G$5*(1+$C$3))*Parameter!$G$6*(Parameter!$G$7+Parameter!$G$9*Parameter!$G$10)/60*Parameter!$G$8-((Parameter!$G$12*(1+Parameter!$G$14)+Parameter!$G$13)+(Parameter!$G$15+Parameter!$G$16)*Parameter!$G$8+(Parameter!$G$5*(1+$C$3))*Parameter!$G$6*Parameter!$G$11))/((Parameter!$G$12*(1+Parameter!$G$14)+Parameter!$G$13)+(Parameter!$G$15+Parameter!$G$16)*Parameter!$G$8+(Parameter!$G$5*(1+$C$3))*Parameter!$G$6*Parameter!$G$11) | E33: =ROUND(ABS(D33-B33),9) | F33: =RANK(E33,$E$33:$E$42)
A34: Adoptionsrate | B34: =(Parameter!$G$5*(Parameter!$G$6*(1-$C$3))*(Parameter!$G$7+Parameter!$G$9*Parameter!$G$10)/60*Parameter!$G$8-((Parameter!$G$12*(1+Parameter!$G$14)+Parameter!$G$13)+(Parameter!$G$15+Parameter!$G$16)*Parameter!$G$8+Parameter!$G$5*(Parameter!$G$6*(1-$C$3))*Parameter!$G$11))/((Parameter!$G$12*(1+Parameter!$G$14)+Parameter!$G$13)+(Parameter!$G$15+Parameter!$G$16)*Parameter!$G$8+Parameter!$G$5*(Parameter!$G$6*(1-$C$3))*Parameter!$G$11) | C34: =Szenarien!E16 | D34: =(Parameter!$G$5*(Parameter!$G$6*(1+$C$3))*(Parameter!$G$7+Parameter!$G$9*Parameter!$G$10)/60*Parameter!$G$8-((Parameter!$G$12*(1+Parameter!$G$14)+Parameter!$G$13)+(Parameter!$G$15+Parameter!$G$16)*Parameter!$G$8+Parameter!$G$5*(Parameter!$G$6*(1+$C$3))*Parameter!$G$11))/((Parameter!$G$12*(1+Parameter!$G$14)+Parameter!$G$13)+(Parameter!$G$15+Parameter!$G$16)*Parameter!$G$8+Parameter!$G$5*(Parameter!$G$6*(1+$C$3))*Parameter!$G$11) | E34: =ROUND(ABS(D34-B34),9) | F34: =RANK(E34,$E$33:$E$42)
A35: Zeitersparnis je Ticket | B35: =(Parameter!$G$5*Parameter!$G$6*((Parameter!$G$7*(1-$C$3))+Parameter!$G$9*Parameter!$G$10)/60*Parameter!$G$8-((Parameter!$G$12*(1+Parameter!$G$14)+Parameter!$G$13)+(Parameter!$G$15+Parameter!$G$16)*Parameter!$G$8+Parameter!$G$5*Parameter!$G$6*Parameter!$G$11))/((Parameter!$G$12*(1+Parameter!$G$14)+Parameter!$G$13)+(Parameter!$G$15+Parameter!$G$16)*Parameter!$G$8+Parameter!$G$5*Parameter!$G$6*Parameter!$G$11) | C35: =Szenarien!E16 | D35: =(Parameter!$G$5*Parameter!$G$6*((Parameter!$G$7*(1+$C$3))+Parameter!$G$9*Parameter!$G$10)/60*Parameter!$G$8-((Parameter!$G$12*(1+Parameter!$G$14)+Parameter!$G$13)+(Parameter!$G$15+Parameter!$G$16)*Parameter!$G$8+Parameter!$G$5*Parameter!$G$6*Parameter!$G$11))/((Parameter!$G$12*(1+Parameter!$G$14)+Parameter!$G$13)+(Parameter!$G$15+Parameter!$G$16)*Parameter!$G$8+Parameter!$G$5*Parameter!$G$6*Parameter!$G$11) | E35: =ROUND(ABS(D35-B35),9) | F35: =RANK(E35,$E$33:$E$42)
A36: Personalkostensatz | B36: =(Parameter!$G$5*Parameter!$G$6*(Parameter!$G$7+Parameter!$G$9*Parameter!$G$10)/60*(Parameter!$G$8*(1-$C$3))-((Parameter!$G$12*(1+Parameter!$G$14)+Parameter!$G$13)+(Parameter!$G$15+Parameter!$G$16)*(Parameter!$G$8*(1-$C$3))+Parameter!$G$5*Parameter!$G$6*Parameter!$G$11))/((Parameter!$G$12*(1+Parameter!$G$14)+Parameter!$G$13)+(Parameter!$G$15+Parameter!$G$16)*(Parameter!$G$8*(1-$C$3))+Parameter!$G$5*Parameter!$G$6*Parameter!$G$11) | C36: =Szenarien!E16 | D36: =(Parameter!$G$5*Parameter!$G$6*(Parameter!$G$7+Parameter!$G$9*Parameter!$G$10)/60*(Parameter!$G$8*(1+$C$3))-((Parameter!$G$12*(1+Parameter!$G$14)+Parameter!$G$13)+(Parameter!$G$15+Parameter!$G$16)*(Parameter!$G$8*(1+$C$3))+Parameter!$G$5*Parameter!$G$6*Parameter!$G$11))/((Parameter!$G$12*(1+Parameter!$G$14)+Parameter!$G$13)+(Parameter!$G$15+Parameter!$G$16)*(Parameter!$G$8*(1+$C$3))+Parameter!$G$5*Parameter!$G$6*Parameter!$G$11) | E36: =ROUND(ABS(D36-B36),9) | F36: =RANK(E36,$E$33:$E$42)
A37: Reduktion der Eskalationsquote | B37: =(Parameter!$G$5*Parameter!$G$6*(Parameter!$G$7+(Parameter!$G$9*(1-$C$3))*Parameter!$G$10)/60*Parameter!$G$8-((Parameter!$G$12*(1+Parameter!$G$14)+Parameter!$G$13)+(Parameter!$G$15+Parameter!$G$16)*Parameter!$G$8+Parameter!$G$5*Parameter!$G$6*Parameter!$G$11))/((Parameter!$G$12*(1+Parameter!$G$14)+Parameter!$G$13)+(Parameter!$G$15+Parameter!$G$16)*Parameter!$G$8+Parameter!$G$5*Parameter!$G$6*Parameter!$G$11) | C37: =Szenarien!E16 | D37: =(Parameter!$G$5*Parameter!$G$6*(Parameter!$G$7+(Parameter!$G$9*(1+$C$3))*Parameter!$G$10)/60*Parameter!$G$8-((Parameter!$G$12*(1+Parameter!$G$14)+Parameter!$G$13)+(Parameter!$G$15+Parameter!$G$16)*Parameter!$G$8+Parameter!$G$5*Parameter!$G$6*Parameter!$G$11))/((Parameter!$G$12*(1+Parameter!$G$14)+Parameter!$G$13)+(Parameter!$G$15+Parameter!$G$16)*Parameter!$G$8+Parameter!$G$5*Parameter!$G$6*Parameter!$G$11) | E37: =ROUND(ABS(D37-B37),9) | F37: =RANK(E37,$E$33:$E$42)
A38: Zusatzzeit je Eskalation | B38: =(Parameter!$G$5*Parameter!$G$6*(Parameter!$G$7+Parameter!$G$9*(Parameter!$G$10*(1-$C$3)))/60*Parameter!$G$8-((Parameter!$G$12*(1+Parameter!$G$14)+Parameter!$G$13)+(Parameter!$G$15+Parameter!$G$16)*Parameter!$G$8+Parameter!$G$5*Parameter!$G$6*Parameter!$G$11))/((Parameter!$G$12*(1+Parameter!$G$14)+Parameter!$G$13)+(Parameter!$G$15+Parameter!$G$16)*Parameter!$G$8+Parameter!$G$5*Parameter!$G$6*Parameter!$G$11) | C38: =Szenarien!E16 | D38: =(Parameter!$G$5*Parameter!$G$6*(Parameter!$G$7+Parameter!$G$9*(Parameter!$G$10*(1+$C$3)))/60*Parameter!$G$8-((Parameter!$G$12*(1+Parameter!$G$14)+Parameter!$G$13)+(Parameter!$G$15+Parameter!$G$16)*Parameter!$G$8+Parameter!$G$5*Parameter!$G$6*Parameter!$G$11))/((Parameter!$G$12*(1+Parameter!$G$14)+Parameter!$G$13)+(Parameter!$G$15+Parameter!$G$16)*Parameter!$G$8+Parameter!$G$5*Parameter!$G$6*Parameter!$G$11) | E38: =ROUND(ABS(D38-B38),9) | F38: =RANK(E38,$E$33:$E$42)
A39: Variable Kosten je Ticket | B39: =(Parameter!$G$5*Parameter!$G$6*(Parameter!$G$7+Parameter!$G$9*Parameter!$G$10)/60*Parameter!$G$8-((Parameter!$G$12*(1+Parameter!$G$14)+Parameter!$G$13)+(Parameter!$G$15+Parameter!$G$16)*Parameter!$G$8+Parameter!$G$5*Parameter!$G$6*(Parameter!$G$11*(1-$C$3))))/((Parameter!$G$12*(1+Parameter!$G$14)+Parameter!$G$13)+(Parameter!$G$15+Parameter!$G$16)*Parameter!$G$8+Parameter!$G$5*Parameter!$G$6*(Parameter!$G$11*(1-$C$3))) | C39: =Szenarien!E16 | D39: =(Parameter!$G$5*Parameter!$G$6*(Parameter!$G$7+Parameter!$G$9*Parameter!$G$10)/60*Parameter!$G$8-((Parameter!$G$12*(1+Parameter!$G$14)+Parameter!$G$13)+(Parameter!$G$15+Parameter!$G$16)*Parameter!$G$8+Parameter!$G$5*Parameter!$G$6*(Parameter!$G$11*(1+$C$3))))/((Parameter!$G$12*(1+Parameter!$G$14)+Parameter!$G$13)+(Parameter!$G$15+Parameter!$G$16)*Parameter!$G$8+Parameter!$G$5*Parameter!$G$6*(Parameter!$G$11*(1+$C$3))) | E39: =ROUND(ABS(D39-B39),9) | F39: =RANK(E39,$E$33:$E$42)
A40: Hostingkosten | B40: =(Parameter!$G$5*Parameter!$G$6*(Parameter!$G$7+Parameter!$G$9*Parameter!$G$10)/60*Parameter!$G$8-(((Parameter!$G$12*(1+Parameter!$G$14)+Parameter!$G$13)*(1-$C$3))+(Parameter!$G$15+Parameter!$G$16)*Parameter!$G$8+Parameter!$G$5*Parameter!$G$6*Parameter!$G$11))/(((Parameter!$G$12*(1+Parameter!$G$14)+Parameter!$G$13)*(1-$C$3))+(Parameter!$G$15+Parameter!$G$16)*Parameter!$G$8+Parameter!$G$5*Parameter!$G$6*Parameter!$G$11) | C40: =Szenarien!E16 | D40: =(Parameter!$G$5*Parameter!$G$6*(Parameter!$G$7+Parameter!$G$9*Parameter!$G$10)/60*Parameter!$G$8-(((Parameter!$G$12*(1+Parameter!$G$14)+Parameter!$G$13)*(1+$C$3))+(Parameter!$G$15+Parameter!$G$16)*Parameter!$G$8+Parameter!$G$5*Parameter!$G$6*Parameter!$G$11))/(((Parameter!$G$12*(1+Parameter!$G$14)+Parameter!$G$13)*(1+$C$3))+(Parameter!$G$15+Parameter!$G$16)*Parameter!$G$8+Parameter!$G$5*Parameter!$G$6*Parameter!$G$11) | E40: =ROUND(ABS(D40-B40),9) | F40: =RANK(E40,$E$33:$E$42)
A41: Aufwand KB-Pflege | B41: =(Parameter!$G$5*Parameter!$G$6*(Parameter!$G$7+Parameter!$G$9*Parameter!$G$10)/60*Parameter!$G$8-((Parameter!$G$12*(1+Parameter!$G$14)+Parameter!$G$13)+((Parameter!$G$15*(1-$C$3))+Parameter!$G$16)*Parameter!$G$8+Parameter!$G$5*Parameter!$G$6*Parameter!$G$11))/((Parameter!$G$12*(1+Parameter!$G$14)+Parameter!$G$13)+((Parameter!$G$15*(1-$C$3))+Parameter!$G$16)*Parameter!$G$8+Parameter!$G$5*Parameter!$G$6*Parameter!$G$11) | C41: =Szenarien!E16 | D41: =(Parameter!$G$5*Parameter!$G$6*(Parameter!$G$7+Parameter!$G$9*Parameter!$G$10)/60*Parameter!$G$8-((Parameter!$G$12*(1+Parameter!$G$14)+Parameter!$G$13)+((Parameter!$G$15*(1+$C$3))+Parameter!$G$16)*Parameter!$G$8+Parameter!$G$5*Parameter!$G$6*Parameter!$G$11))/((Parameter!$G$12*(1+Parameter!$G$14)+Parameter!$G$13)+((Parameter!$G$15*(1+$C$3))+Parameter!$G$16)*Parameter!$G$8+Parameter!$G$5*Parameter!$G$6*Parameter!$G$11) | E41: =ROUND(ABS(D41-B41),9) | F41: =RANK(E41,$E$33:$E$42)
A42: Aufwand Monitoring | B42: =(Parameter!$G$5*Parameter!$G$6*(Parameter!$G$7+Parameter!$G$9*Parameter!$G$10)/60*Parameter!$G$8-((Parameter!$G$12*(1+Parameter!$G$14)+Parameter!$G$13)+(Parameter!$G$15+(Parameter!$G$16*(1-$C$3)))*Parameter!$G$8+Parameter!$G$5*Parameter!$G$6*Parameter!$G$11))/((Parameter!$G$12*(1+Parameter!$G$14)+Parameter!$G$13)+(Parameter!$G$15+(Parameter!$G$16*(1-$C$3)))*Parameter!$G$8+Parameter!$G$5*Parameter!$G$6*Parameter!$G$11) | C42: =Szenarien!E16 | D42: =(Parameter!$G$5*Parameter!$G$6*(Parameter!$G$7+Parameter!$G$9*Parameter!$G$10)/60*Parameter!$G$8-((Parameter!$G$12*(1+Parameter!$G$14)+Parameter!$G$13)+(Parameter!$G$15+(Parameter!$G$16*(1+$C$3)))*Parameter!$G$8+Parameter!$G$5*Parameter!$G$6*Parameter!$G$11))/((Parameter!$G$12*(1+Parameter!$G$14)+Parameter!$G$13)+(Parameter!$G$15+(Parameter!$G$16*(1+$C$3)))*Parameter!$G$8+Parameter!$G$5*Parameter!$G$6*Parameter!$G$11) | E42: =ROUND(ABS(D42-B42),9) | F42: =RANK(E42,$E$33:$E$42)
